date,etf0020_equity,drawdown_pct
20160104,1000000.0,0.0
20160105,1000000.0,0.0
20160106,1000000.0,0.0
20160107,1000000.0,0.0
20160108,1000000.0,0.0
20160111,1000000.0,0.0
20160112,1000000.0,0.0
20160113,1000000.0,0.0
20160114,1000000.0,0.0
20160115,1000000.0,0.0
20160118,1000000.0,0.0
20160119,1000000.0,0.0
20160120,1000000.0,0.0
20160121,1000000.0,0.0
20160122,1000000.0,0.0
20160125,1000000.0,0.0
20160126,1000000.0,0.0
20160127,1000000.0,0.0
20160128,1000000.0,0.0
20160129,1000000.0,0.0
20160201,1000000.0,0.0
20160202,1000000.0,0.0
20160203,1000000.0,0.0
20160215,1000000.0,0.0
20160216,1000000.0,0.0
20160217,1000000.0,0.0
20160218,1000000.0,0.0
20160219,1000000.0,0.0
20160222,1000000.0,0.0
20160223,1000000.0,0.0
20160224,1000000.0,0.0
20160225,1000000.0,0.0
20160226,1000000.0,0.0
20160301,1000000.0,0.0
20160302,1000000.0,0.0
20160303,1000000.0,0.0
20160304,1000000.0,0.0
20160307,1000000.0,0.0
20160308,1000000.0,0.0
20160309,1000000.0,0.0
20160310,1000000.0,0.0
20160311,1000000.0,0.0
20160314,1000000.0,0.0
20160315,1000000.0,0.0
20160316,1000000.0,0.0
20160317,1000000.0,0.0
20160318,1000000.0,0.0
20160321,1000000.0,0.0
20160322,1000000.0,0.0
20160323,1000000.0,0.0
20160324,1000000.0,0.0
20160325,1000000.0,0.0
20160328,1000000.0,0.0
20160329,1000000.0,0.0
20160330,1000000.0,0.0
20160331,1000000.0,0.0
20160401,1000000.0,0.0
20160406,1000000.0,0.0
20160407,1000000.0,0.0
20160408,1000000.0,0.0
20160411,1000000.0,0.0
20160412,968286.82,-3.17
20160413,997040.05,-0.3
20160414,997189.61,-0.28
20160415,1007989.2,0.0
20160418,1006239.25,-0.17
20160419,996772.87,-1.11
20160420,991512.11,-1.63
20160421,996391.47,-1.15
20160422,980979.73,-2.68
20160425,967793.24,-3.99
20160426,983659.16,-2.41
20160427,977115.99,-3.06
20160428,968514.01,-3.92
20160429,959408.44,-4.82
20160503,953299.46,-5.43
20160504,943024.69,-6.44
20160505,928786.81,-7.86
20160506,912141.39,-9.51
20160509,899262.08,-10.79
20160510,907614.13,-9.96
20160511,890530.45,-11.65
20160512,875201.45,-13.17
20160513,883200.53,-12.38
20160516,893884.23,-11.32
20160517,903467.75,-10.37
20160518,908199.65,-9.9
20160519,900605.43,-10.65
20160520,912598.49,-9.46
20160523,957513.72,-5.01
20160524,948252.47,-5.93
20160525,965021.71,-4.26
20160526,974720.21,-3.3
20160527,986023.68,-2.18
20160530,1005071.39,-0.29
20160531,1018905.3,0.0
20160601,1023612.79,0.0
20160602,1007442.2,-1.58
20160603,1023021.71,-0.06
20160606,1012497.12,-1.09
20160607,1013987.58,-0.94
20160608,1018964.88,-0.45
20160613,990189.85,-3.27
20160614,1004181.98,-1.9
20160615,1003299.38,-1.98
20160616,988269.91,-3.45
20160617,999598.52,-2.35
20160620,1009500.33,-1.38
20160621,1015741.6,-0.77
20160622,1023706.03,0.0
20160623,1019913.25,-0.37
20160624,986364.43,-3.65
20160627,990608.04,-3.23
20160628,1002444.34,-2.08
20160629,1012171.92,-1.13
20160630,1032931.59,0.0
20160701,1037514.71,0.0
20160704,1043046.39,0.0
20160705,1034047.78,-0.86
20160706,1005824.82,-3.57
20160707,1008955.78,-3.27
20160708,1013460.76,-2.84
20160711,1015762.59,-2.62
20160712,1029953.52,-1.26
20160713,1036932.82,-0.59
20160714,1039509.11,-0.34
20160715,1058690.45,0.0
20160718,1071528.97,0.0
20160719,1074298.58,0.0
20160720,1067014.36,-0.68
20160721,1069304.0,-0.46
20160722,1069273.79,-0.47
20160725,1065343.92,-0.83
20160726,1068482.82,-0.54
20160727,1067197.73,-0.66
20160728,1055820.67,-1.72
20160729,1044661.94,-2.76
20160801,1058020.56,-1.52
20160802,1056633.76,-1.64
20160803,1053291.97,-1.96
20160804,1061364.31,-1.2
20160805,1075957.94,0.0
20160808,1079186.49,0.0
20160809,1074234.8,-0.46
20160810,1076261.93,-0.27
20160811,1069967.84,-0.85
20160812,1075617.5,-0.33
20160815,1082323.38,0.0
20160816,1080893.04,-0.13
20160817,1074224.71,-0.75
20160818,1076859.26,-0.5
20160819,1062595.42,-1.82
20160822,1053709.77,-2.64
20160823,1062617.71,-1.82
20160824,1062254.85,-1.85
20160825,1072690.45,-0.89
20160826,1076070.05,-0.58
20160829,1069506.74,-1.18
20160830,1072245.74,-0.93
20160831,1068576.22,-1.27
20160901,1064458.32,-1.65
20160902,1037681.41,-4.12
20160905,1049651.77,-3.02
20160906,1067426.81,-1.38
20160907,1074045.69,-0.76
20160908,1073867.94,-0.78
20160909,1060988.89,-1.97
20160912,1025337.76,-5.27
20160913,1018579.91,-5.89
20160914,1013776.77,-6.33
20160919,1048943.92,-3.08
20160920,1041039.07,-3.81
20160921,1049516.18,-3.03
20160922,1044193.93,-3.52
20160923,1050138.69,-2.97
20160926,1037469.34,-4.14
20160927,1050768.14,-2.92
20160928,1050768.14,-2.92
20160929,1045550.71,-3.4
20160930,1044202.08,-3.52
20161003,1054624.2,-2.56
20161004,1056278.69,-2.41
20161005,1053904.51,-2.63
20161006,1057720.95,-2.27
20161007,1048909.52,-3.09
20161011,1042987.12,-3.63
20161012,1045292.94,-3.42
20161013,1036202.68,-4.26
20161014,1028307.9,-4.99
20161017,1032443.39,-4.61
20161018,1035846.9,-4.29
20161019,1041170.83,-3.8
20161020,1041568.86,-3.77
20161021,1045624.73,-3.39
20161024,1052057.24,-2.8
20161025,1061881.33,-1.89
20161026,1062052.83,-1.87
20161027,1057785.48,-2.27
20161028,1050372.49,-2.95
20161031,1047701.2,-3.2
20161101,1046578.17,-3.3
20161102,1026668.96,-5.14
20161103,1009048.31,-6.77
20161104,1010078.49,-6.67
20161107,1020701.09,-5.69
20161108,1018264.2,-5.92
20161109,977114.19,-9.72
20161110,1010484.78,-6.64
20161111,986629.58,-8.84
20161114,983722.28,-9.11
20161115,977177.19,-9.71
20161116,981629.98,-9.3
20161117,989805.76,-8.55
20161118,999961.02,-7.61
20161121,1002469.02,-7.38
20161122,1011875.33,-6.51
20161123,1014501.81,-6.27
20161124,1011710.76,-6.52
20161125,1013458.29,-6.36
20161128,1020917.18,-5.67
20161129,1016380.91,-6.09
20161130,1012610.27,-6.44
20161201,1017027.73,-6.03
20161202,1004677.63,-7.17
20161205,1008152.71,-6.85
20161206,1020573.62,-5.71
20161207,1023553.64,-5.43
20161208,1032671.67,-4.59
20161209,1032978.2,-4.56
20161212,1025442.24,-5.26
20161213,1028128.97,-5.01
20161214,1026275.7,-5.18
20161215,1032216.0,-4.63
20161216,1029033.75,-4.92
20161219,1016008.72,-6.13
20161220,1012842.37,-6.42
20161221,1011110.9,-6.58
20161222,1003433.0,-7.29
20161223,996602.56,-7.92
20161226,1000135.56,-7.59
20161227,1000372.77,-7.57
20161228,1007279.2,-6.93
20161229,1001624.59,-7.46
20161230,1010497.24,-6.64
20170103,1016578.39,-6.07
20170104,1018544.44,-5.89
20170105,1028338.96,-4.99
20170106,1030397.13,-4.8
20170109,1022603.66,-5.52
20170110,1025217.11,-5.28
20170111,1024355.53,-5.36
20170112,1026620.28,-5.15
20170113,1026071.86,-5.2
20170116,1020794.05,-5.68
20170117,1030219.83,-4.81
20170118,1029349.47,-4.89
20170119,1027986.88,-5.02
20170120,1027708.12,-5.05
20170123,1034684.96,-4.4
20170124,1037228.79,-4.17
20170202,1033237.13,-4.54
20170203,1036153.73,-4.27
20170206,1044507.42,-3.49
20170207,1047445.37,-3.22
20170208,1039998.9,-3.91
20170209,1048053.89,-3.17
20170210,1059535.12,-2.11
20170213,1061780.91,-1.9
20170214,1058955.41,-2.16
20170215,1070747.58,-1.07
20170216,1065799.68,-1.53
20170217,1063226.91,-1.76
20170220,1058619.1,-2.19
20170221,1063550.22,-1.73
20170222,1065098.07,-1.59
20170223,1061133.77,-1.96
20170224,1057361.3,-2.31
20170301,1048726.05,-3.1
20170302,1052953.45,-2.71
20170303,1050621.81,-2.93
20170306,1055157.57,-2.51
20170307,1059461.96,-2.11
20170308,1056383.93,-2.4
20170309,1047049.96,-3.26
20170310,1046349.05,-3.32
20170313,1052466.78,-2.76
20170314,1058158.04,-2.23
20170315,1056871.67,-2.35
20170316,1067271.89,-1.39
20170317,1075764.81,-0.61
20170320,1078648.9,-0.34
20170321,1083005.75,0.0
20170322,1077886.09,-0.47
20170323,1080586.68,-0.22
20170324,1080851.97,-0.2
20170327,1078159.18,-0.45
20170328,1075089.69,-0.73
20170329,1076533.67,-0.6
20170330,1073942.69,-0.84
20170331,1074004.2,-0.83
20170405,1086809.68,0.0
20170406,1073390.76,-1.23
20170407,1075908.66,-1.0
20170410,1083900.83,-0.27
20170411,1067909.52,-1.74
20170412,1074060.55,-1.17
20170413,1069377.47,-1.6
20170414,1057935.4,-2.66
20170417,1049592.98,-3.42
20170418,1064617.84,-2.04
20170419,1050313.99,-3.36
20170420,1051673.28,-3.23
20170421,1061247.87,-2.35
20170424,1052380.37,-3.17
20170425,1084379.23,-0.22
20170426,1102454.34,0.0
20170427,1110332.27,0.0
20170428,1101231.43,-0.82
20170502,1113574.64,0.0
20170503,1102105.84,-1.03
20170504,1111231.12,-0.21
20170505,1094918.13,-1.68
20170508,1102072.43,-1.03
20170509,1098162.2,-1.38
20170510,1107607.05,-0.54
20170511,1111493.0,-0.19
20170512,1108070.96,-0.49
20170515,1125097.29,0.0
20170516,1115109.02,-0.89
20170517,1114865.86,-0.91
20170518,1113653.18,-1.02
20170519,1109816.51,-1.36
20170522,1117637.16,-0.66
20170523,1116481.89,-0.77
20170524,1123285.35,-0.16
20170525,1126069.02,0.0
20170526,1116613.25,-0.84
20170531,1105399.96,-1.84
20170601,1116130.76,-0.88
20170602,1131325.68,0.0
20170605,1151603.24,0.0
20170606,1152954.81,0.0
20170607,1152972.94,0.0
20170608,1160236.22,0.0
20170609,1154331.01,-0.51
20170612,1150477.97,-0.84
20170613,1144583.71,-1.35
20170614,1133582.13,-2.3
20170615,1139596.14,-1.78
20170616,1151514.0,-0.75
20170619,1161618.8,0.0
20170620,1166818.77,0.0
20170621,1174955.98,0.0
20170622,1179234.92,0.0
20170623,1175078.62,-0.35
20170626,1194735.85,0.0
20170627,1196148.94,0.0
20170628,1185924.21,-0.85
20170629,1183827.32,-1.03
20170630,1179643.18,-1.38
20170703,1173117.05,-1.93
20170704,1165014.34,-2.6
20170705,1168478.15,-2.31
20170706,1175677.07,-1.71
20170707,1164697.75,-2.63
20170710,1167187.27,-2.42
20170711,1183388.55,-1.07
20170712,1202218.36,0.0
20170713,1203320.56,0.0
20170714,1203615.32,0.0
20170717,1204296.9,0.0
20170718,1214381.68,0.0
20170719,1220898.04,0.0
20170720,1212217.24,-0.71
20170721,1204523.3,-1.34
20170724,1207734.3,-1.08
20170725,1218749.6,-0.18
20170726,1222223.35,0.0
20170727,1233116.73,0.0
20170728,1216579.31,-1.34
20170731,1218203.18,-1.21
20170801,1223205.5,-0.8
20170802,1239319.61,0.0
20170803,1234018.51,-0.43
20170804,1249622.67,0.0
20170807,1274248.46,0.0
20170808,1259634.07,-1.15
20170809,1243882.67,-2.38
20170810,1216421.25,-4.54
20170811,1232467.83,-3.28
20170814,1213651.34,-4.76
20170815,1224860.02,-3.88
20170816,1227101.59,-3.7
20170817,1248628.34,-2.01
20170818,1244869.66,-2.31
20170821,1247362.83,-2.11
20170822,1270572.31,-0.29
20170823,1276421.91,0.0
20170824,1289409.08,0.0
20170825,1299355.15,0.0
20170828,1306991.19,0.0
20170829,1300576.9,-0.49
20170830,1306391.47,-0.05
20170831,1310755.38,0.0
20170901,1325498.82,0.0
20170904,1324111.36,-0.1
20170905,1337780.38,0.0
20170906,1320972.33,-1.26
20170907,1303418.88,-2.57
20170908,1325535.57,-0.92
20170911,1310888.46,-2.01
20170912,1308848.46,-2.16
20170913,1291790.58,-3.44
20170914,1302558.29,-2.63
20170915,1311418.34,-1.97
20170918,1333111.99,-0.35
20170919,1305889.05,-2.38
20170920,1292149.27,-3.41
20170921,1309697.7,-2.1
20170922,1273771.28,-4.78
20170925,1259355.88,-5.86
20170926,1222277.22,-8.63
20170927,1255256.33,-6.17
20170928,1256945.2,-6.04
20170929,1243363.28,-7.06
20171002,1293779.31,-3.29
20171003,1297165.7,-3.04
20171005,1315707.48,-1.65
20171006,1320760.35,-1.27
20171011,1317628.03,-1.51
20171012,1337430.66,-0.03
20171013,1356258.07,0.0
20171016,1363309.59,0.0
20171017,1340508.68,-1.67
20171018,1335446.36,-2.04
20171019,1363043.08,-0.02
20171020,1346875.71,-1.21
20171023,1345795.73,-1.28
20171024,1349944.86,-0.98
20171025,1334103.44,-2.14
20171026,1353936.88,-0.69
20171027,1309412.17,-3.95
20171030,1324816.73,-2.82
20171031,1345736.79,-1.29
20171101,1348165.82,-1.11
20171102,1338417.38,-1.83
20171103,1336775.08,-1.95
20171106,1339114.14,-1.77
20171107,1346196.12,-1.26
20171108,1339900.32,-1.72
20171109,1301049.64,-4.57
20171110,1306896.07,-4.14
20171113,1283454.42,-5.86
20171114,1305808.72,-4.22
20171115,1306639.87,-4.16
20171116,1304399.03,-4.32
20171117,1330322.01,-2.42
20171120,1326845.94,-2.67
20171121,1344092.19,-1.41
20171122,1355691.39,-0.56
20171123,1360207.38,-0.23
20171124,1359967.02,-0.25
20171127,1347664.28,-1.15
20171128,1336986.18,-1.93
20171129,1332184.28,-2.28
20171130,1314845.31,-3.55
20171201,1293371.41,-5.13
20171204,1291787.27,-5.25
20171205,1274287.1,-6.53
20171206,1225895.18,-10.08
20171207,1212240.29,-11.08
20171208,1225763.79,-10.09
20171211,1258819.21,-7.66
20171212,1246284.86,-8.58
20171213,1248720.74,-8.41
20171214,1249142.73,-8.37
20171215,1239794.44,-9.06
20171218,1229531.7,-9.81
20171219,1231675.12,-9.66
20171220,1237063.08,-9.26
20171221,1232545.08,-9.59
20171222,1225716.42,-10.09
20171225,1201118.56,-11.9
20171226,1166853.26,-14.41
20171227,1164092.42,-14.61
20171228,1199009.16,-12.05
20171229,1192225.95,-12.55
20180102,1196291.79,-12.25
20180103,1219855.43,-10.52
20180104,1236565.69,-9.3
20180105,1237568.42,-9.22
20180108,1216947.02,-10.74
20180109,1205412.24,-11.58
20180110,1165960.79,-14.48
20180111,1173943.27,-13.89
20180112,1190620.88,-12.67
20180115,1214792.95,-10.89
20180116,1219821.05,-10.53
20180117,1212692.5,-11.05
20180118,1223434.17,-10.26
20180119,1225668.07,-10.1
20180122,1257905.18,-7.73
20180123,1251669.59,-8.19
20180124,1257562.75,-7.76
20180125,1240903.45,-8.98
20180126,1243352.43,-8.8
20180129,1267818.64,-7.0
20180130,1258465.09,-7.69
20180131,1268490.51,-6.96
20180201,1282718.43,-5.91
20180202,1273227.88,-6.61
20180205,1235213.41,-9.4
20180206,1136275.72,-16.65
20180207,1158906.45,-14.99
20180208,1129301.97,-17.16
20180209,1105776.42,-18.89
20180212,1093133.98,-19.82
20180221,1155083.26,-15.27
20180222,1163464.39,-14.66
20180223,1170438.29,-14.15
20180226,1173675.86,-13.91
20180227,1182872.69,-13.24
20180301,1181881.97,-13.31
20180302,1172056.83,-14.03
20180305,1150349.17,-15.62
20180306,1170132.32,-14.17
20180307,1160843.4,-14.85
20180308,1179507.66,-13.48
20180309,1202901.51,-11.77
20180312,1231435.24,-9.67
20180313,1265913.45,-7.14
20180314,1250379.42,-8.28
20180315,1262768.44,-7.37
20180316,1263827.63,-7.3
20180319,1265695.32,-7.16
20180320,1258542.36,-7.68
20180321,1271271.81,-6.75
20180322,1259207.23,-7.64
20180323,1223730.85,-10.24
20180326,1246256.6,-8.59
20180327,1272016.6,-6.7
20180328,1235744.06,-9.36
20180329,1240333.41,-9.02
20180330,1248662.27,-8.41
20180402,1229044.46,-9.85
20180403,1226317.27,-10.05
20180409,1218761.3,-10.6
20180410,1228906.83,-9.86
20180411,1231290.64,-9.68
20180412,1241175.79,-8.96
20180413,1273469.94,-6.59
20180416,1296692.09,-4.89
20180417,1257608.39,-7.75
20180418,1259944.73,-7.58
20180419,1281383.57,-6.01
20180420,1251822.09,-8.18
20180423,1233008.22,-9.56
20180424,1187293.2,-12.91
20180425,1188153.87,-12.85
20180426,1163223.99,-14.68
20180427,1188989.59,-12.79
20180430,1218909.31,-10.59
20180502,1219866.58,-10.52
20180503,1198357.12,-12.1
20180504,1204530.16,-11.65
20180507,1228127.79,-9.92
20180508,1241024.36,-8.97
20180509,1253991.85,-8.02
20180510,1270519.24,-6.81
20180511,1280582.0,-6.07
20180514,1325313.75,-2.79
20180515,1308704.94,-4.01
20180516,1314269.69,-3.6
20180517,1295825.3,-4.95
20180518,1296126.45,-4.93
20180521,1334620.53,-2.1
20180522,1336983.67,-1.93
20180523,1328124.39,-2.58
20180524,1351141.02,-0.89
20180525,1363215.54,-0.01
20180528,1380019.04,0.0
20180529,1377742.71,-0.16
20180530,1367099.28,-0.94
20180531,1361900.7,-1.31
20180601,1372890.13,-0.52
20180604,1399761.99,0.0
20180605,1407140.57,0.0
20180606,1444397.58,0.0
20180607,1457435.77,0.0
20180608,1422588.74,-2.39
20180611,1438702.39,-1.29
20180612,1426756.23,-2.11
20180613,1424880.37,-2.23
20180614,1409423.19,-3.29
20180615,1432242.49,-1.73
20180619,1394759.9,-4.3
20180620,1372765.71,-5.81
20180621,1377278.57,-5.5
20180622,1343830.65,-7.79
20180625,1322009.13,-9.29
20180626,1331960.71,-8.61
20180627,1322584.62,-9.25
20180628,1308714.4,-10.2
20180629,1336332.31,-8.31
20180702,1338916.14,-8.13
20180703,1309516.05,-10.15
20180704,1305329.48,-10.44
20180705,1269791.13,-12.87
20180706,1291725.27,-11.37
20180709,1268570.66,-12.96
20180710,1308119.5,-10.25
20180711,1287267.71,-11.68
20180712,1319499.21,-9.46
20180713,1343749.52,-7.8
20180716,1327733.64,-8.9
20180717,1301730.79,-10.68
20180718,1274071.44,-12.58
20180719,1287365.47,-11.67
20180720,1258869.39,-13.62
20180723,1244440.38,-14.61
20180724,1259785.0,-13.56
20180725,1268443.62,-12.97
20180726,1276196.91,-12.44
20180727,1297702.28,-10.96
20180730,1242107.19,-14.77
20180731,1235130.24,-15.25
20180801,1240366.55,-14.89
20180802,1179092.67,-19.1
20180803,1190771.25,-18.3
20180806,1189353.56,-18.39
20180807,1221208.17,-16.21
20180808,1184140.51,-18.75
20180809,1180753.91,-18.98
20180810,1153217.85,-20.87
20180813,1074714.64,-26.26
20180814,1093137.69,-25.0
20180815,1068620.03,-26.68
20180816,1089849.04,-25.22
20180817,1070639.56,-26.54
20180820,1071092.16,-26.51
20180821,1090667.65,-25.17
20180822,1081031.48,-25.83
20180823,1067621.79,-26.75
20180824,1058122.64,-27.4
20180827,1106195.19,-24.1
20180828,1105525.59,-24.15
20180829,1119663.34,-23.18
20180830,1121476.59,-23.05
20180831,1111638.24,-23.73
20180903,1055202.62,-27.6
20180904,1075661.42,-26.19
20180905,1066775.77,-26.8
20180906,1048597.95,-28.05
20180907,994384.68,-31.77
20180910,953878.7,-34.55
20180911,971870.46,-33.32
20180912,940254.71,-35.49
20180913,922724.35,-36.69
20180914,969653.44,-33.47
20180917,973100.19,-33.23
20180918,931340.51,-36.1
20180919,919149.25,-36.93
20180920,908511.88,-37.66
20180921,944493.88,-35.19
20180925,946877.9,-35.03
20180926,941628.76,-35.39
20180927,923152.84,-36.66
20180928,925373.22,-36.51
20181001,936912.3,-35.72
20181002,924126.73,-36.59
20181003,896434.76,-38.49
20181004,885658.97,-39.23
20181005,831285.89,-42.96
20181008,817453.06,-43.91
20181009,808799.14,-44.51
20181011,746571.95,-48.77
20181012,788553.18,-45.89
20181015,794270.42,-45.5
20181016,797056.44,-45.31
20181017,801304.46,-45.02
20181018,802457.28,-44.94
20181019,794906.42,-45.46
20181022,803609.42,-44.86
20181023,762581.51,-47.68
20181024,749757.6,-48.56
20181025,705666.97,-51.58
20181026,691752.2,-52.54
20181029,704837.22,-51.64
20181030,691532.48,-52.55
20181031,737581.91,-49.39
20181101,776035.57,-46.75
20181102,796121.9,-45.38
20181105,796819.03,-45.33
20181106,749315.14,-48.59
20181107,783248.44,-46.26
20181108,768603.09,-47.26
20181109,769608.14,-47.19
20181112,751068.56,-48.47
20181113,746661.72,-48.77
20181114,739193.79,-49.28
20181115,748908.29,-48.61
20181116,746099.08,-48.81
20181119,762474.59,-47.68
20181120,758290.27,-47.97
20181121,773298.6,-46.94
20181122,754000.17,-48.27
20181123,742965.73,-49.02
20181126,764139.84,-47.57
20181127,781551.17,-46.37
20181128,806941.03,-44.63
20181129,813030.75,-44.21
20181130,829713.98,-43.07
20181203,886759.66,-39.16
20181204,875572.04,-39.92
20181205,846951.12,-41.89
20181206,788522.86,-45.9
20181207,798123.88,-45.24
20181210,767600.5,-47.33
20181211,774617.74,-46.85
20181212,801154.26,-45.03
20181213,790579.1,-45.76
20181214,774047.42,-46.89
20181217,780062.18,-46.48
20181218,770038.9,-47.16
20181219,769717.52,-47.19
20181220,744621.71,-48.91
20181221,750065.35,-48.54
20181224,748250.93,-48.66
20181225,739710.66,-49.25
20181226,720839.2,-50.54
20181227,742072.1,-49.08
20181228,741469.36,-49.13
20190102,731195.55,-49.83
20190103,707710.18,-51.44
20190104,694209.92,-52.37
20190107,714988.28,-50.94
20190108,713109.4,-51.07
20190109,731916.59,-49.78
20190110,734038.7,-49.63
20190111,738653.91,-49.32
20190114,728300.96,-50.03
20190115,746796.34,-48.76
20190116,748974.98,-48.61
20190117,745704.24,-48.83
20190118,760232.0,-47.84
20190121,766705.29,-47.39
20190122,764352.39,-47.55
20190123,765759.03,-47.46
20190124,771805.09,-47.04
20190125,792170.29,-45.65
20190128,793547.94,-45.55
20190129,783892.12,-46.21
20190130,786984.16,-46.0
20190211,807761.73,-44.58
20190212,824456.18,-43.43
20190213,840113.51,-42.36
20190214,840680.81,-42.32
20190215,827343.07,-43.23
20190218,841490.19,-42.26
20190219,852169.22,-41.53
20190220,865807.94,-40.59
20190221,867486.74,-40.48
20190222,868731.64,-40.39
20190225,884644.78,-39.3
20190226,877265.63,-39.81
20190227,874608.8,-39.99
20190304,874550.88,-39.99
20190305,866724.01,-40.53
20190306,869366.17,-40.35
20190307,843793.03,-42.1
20190308,839669.91,-42.39
20190311,842308.77,-42.21
20190312,844002.64,-42.09
20190313,847541.51,-41.85
20190314,846776.63,-41.9
20190315,856664.4,-41.22
20190318,859724.87,-41.01
20190319,864766.27,-40.67
20190320,868063.26,-40.44
20190321,875180.83,-39.95
20190322,875327.17,-39.94
20190325,854751.22,-41.35
20190326,867454.59,-40.48
20190327,870403.93,-40.28
20190328,868931.46,-40.38
20190329,881260.85,-39.53
20190401,899141.16,-38.31
20190402,914942.0,-37.22
20190403,920145.81,-36.87
20190408,941918.99,-35.37
20190409,948682.68,-34.91
20190410,944857.69,-35.17
20190411,936423.97,-35.75
20190412,933676.37,-35.94
20190415,946390.02,-35.06
20190416,955022.38,-34.47
20190417,967766.79,-33.6
20190418,962238.48,-33.98
20190419,968695.89,-33.53
20190422,961373.67,-34.04
20190423,965638.64,-33.74
20190424,967068.84,-33.65
20190425,969471.11,-33.48
20190426,951489.4,-34.71
20190429,927441.48,-36.36
20190430,933575.56,-35.94
20190502,935229.06,-35.83
20190503,952237.12,-34.66
20190506,925714.29,-36.48
20190507,937478.4,-35.68
20190508,936791.94,-35.72
20190509,905784.39,-37.85
20190510,907889.49,-37.71
20190513,884668.69,-39.3
20190514,889447.19,-38.97
20190515,898740.89,-38.33
20190516,873647.29,-40.06
20190517,850393.43,-41.65
20190520,852275.87,-41.52
20190521,864261.99,-40.7
20190522,854803.58,-41.35
20190523,836694.91,-42.59
20190524,826999.08,-43.26
20190527,822265.7,-43.58
20190528,824821.28,-43.41
20190529,824226.92,-43.45
20190530,829609.6,-43.08
20190531,852773.47,-41.49
20190603,849488.69,-41.71
20190604,840003.03,-42.36
20190605,836196.42,-42.63
20190606,823691.04,-43.48
20190610,848957.01,-41.75
20190611,863728.15,-40.74
20190612,864979.44,-40.65
20190613,865842.25,-40.59
20190614,858955.81,-41.06
20190617,871124.92,-40.23
20190618,868946.66,-40.38
20190619,895596.74,-38.55
20190620,905876.9,-37.84
20190621,893850.59,-38.67
20190624,898184.35,-38.37
20190625,879214.66,-39.67
20190626,884382.87,-39.32
20190627,898452.37,-38.35
20190628,901031.89,-38.18
20190701,949714.9,-34.84
20190702,948549.5,-34.92
20190703,928172.25,-36.31
20190704,935684.86,-35.8
20190705,935311.77,-35.82
20190708,932080.2,-36.05
20190709,913448.4,-37.32
20190710,926247.32,-36.45
20190711,938327.86,-35.62
20190712,931251.3,-36.1
20190715,940933.49,-35.44
20190716,940768.1,-35.45
20190717,925862.56,-36.47
20190718,912276.36,-37.41
20190719,927759.35,-36.34
20190722,935886.0,-35.79
20190723,939565.18,-35.53
20190724,948233.95,-34.94
20190725,950291.64,-34.8
20190726,951500.25,-34.71
20190729,946167.18,-35.08
20190730,928972.6,-36.26
20190731,937819.82,-35.65
20190801,940504.57,-35.47
20190802,915842.69,-37.16
20190805,897792.49,-38.4
20190806,903013.13,-38.04
20190807,900972.13,-38.18
20190808,917117.85,-37.07
20190812,920786.1,-36.82
20190813,909084.41,-37.62
20190814,914622.57,-37.24
20190815,903733.72,-37.99
20190816,907811.04,-37.71
20190819,927602.82,-36.35
20190820,930352.65,-36.17
20190821,929983.79,-36.19
20190822,928208.81,-36.31
20190823,932734.57,-36.0
20190826,896575.47,-38.48
20190827,899220.43,-38.3
20190828,908467.62,-37.67
20190829,914236.25,-37.27
20190830,929643.02,-36.21
20190902,940643.4,-35.46
20190903,934445.55,-35.88
20190904,947130.19,-35.01
20190905,955342.82,-34.45
20190906,960799.59,-34.08
20190909,956870.63,-34.35
20190910,940786.18,-35.45
20190911,952450.64,-34.65
20190912,959015.21,-34.2
20190916,958574.12,-34.23
20190917,959982.46,-34.13
20190918,968143.11,-33.57
20190919,971162.84,-33.36
20190920,984162.0,-32.47
20190923,987356.93,-32.25
20190924,975573.38,-33.06
20190925,970545.27,-33.41
20190926,972288.14,-33.29
20190927,963031.54,-33.92
20191001,984533.24,-32.45
20191002,998904.06,-31.46
20191003,1005361.0,-31.02
20191004,1005954.56,-30.98
20191007,1023529.84,-29.77
20191008,1022547.89,-29.84
20191009,1005801.36,-30.99
20191014,1029177.94,-29.38
20191015,1024649.74,-29.7
20191016,1019688.7,-30.04
20191017,1037911.26,-28.79
20191018,1038344.77,-28.76
20191021,1039214.29,-28.7
20191022,1044941.46,-28.3
20191023,1049009.9,-28.02
20191024,1061815.07,-27.14
20191025,1048490.18,-28.06
20191028,1057864.66,-27.42
20191029,1045917.23,-28.24
20191030,1050303.5,-27.93
20191031,1040839.77,-28.58
20191101,1051784.18,-27.83
20191104,1057785.45,-27.42
20191105,1080015.31,-25.9
20191106,1066131.43,-26.85
20191107,1044075.53,-28.36
20191108,1037068.05,-28.84
20191111,1012968.4,-30.5
20191112,1037096.24,-28.84
20191113,1042090.53,-28.5
20191114,1036619.83,-28.87
20191115,1040589.84,-28.6
20191118,1046664.77,-28.18
20191119,1050258.19,-27.94
20191120,1033995.23,-29.05
20191121,1036533.98,-28.88
20191122,1035278.58,-28.97
20191125,1040436.53,-28.61
20191126,1047507.75,-28.13
20191127,1057248.35,-27.46
20191128,1053199.18,-27.74
20191129,1038039.86,-28.78
20191202,1037859.17,-28.79
20191203,1047882.12,-28.1
20191204,1040619.95,-28.6
20191205,1061440.93,-27.17
20191206,1065965.98,-26.86
20191209,1078071.72,-26.03
20191210,1073750.08,-26.33
20191211,1083634.0,-25.65
20191212,1091641.16,-25.1
20191213,1090281.92,-25.19
20191216,1108301.15,-23.96
20191217,1119829.73,-23.16
20191218,1110686.53,-23.79
20191219,1104365.32,-24.23
20191220,1094338.88,-24.91
20191223,1089456.85,-25.25
20191224,1093007.95,-25.0
20191225,1103904.87,-24.26
20191226,1102124.18,-24.38
20191227,1116472.38,-23.39
20191230,1114092.08,-23.56
20191231,1120086.5,-23.15
20200102,1149385.9,-21.14
20200103,1133298.95,-22.24
20200106,1114732.93,-23.51
20200107,1090929.01,-25.15
20200108,1079706.35,-25.92
20200109,1100204.61,-24.51
20200110,1101986.26,-24.39
20200113,1115459.7,-23.46
20200114,1135258.32,-22.11
20200115,1122195.78,-23.0
20200116,1132658.55,-22.28
20200117,1126987.96,-22.67
20200120,1137141.52,-21.98
20200130,1043904.43,-28.37
20200131,1051974.68,-27.82
20200203,1043337.56,-28.41
20200204,1077675.82,-26.06
20200205,1073920.11,-26.31
20200206,1095130.39,-24.86
20200207,1068731.25,-26.67
20200210,1063239.24,-27.05
20200211,1093517.97,-24.97
20200212,1120285.29,-23.13
20200213,1114539.4,-23.53
20200214,1120690.5,-23.11
20200217,1107483.01,-24.01
20200218,1087488.83,-25.38
20200219,1095944.88,-24.8
20200220,1103902.73,-24.26
20200221,1102199.81,-24.37
20200224,1094263.29,-24.92
20200225,1100780.87,-24.47
20200226,1073731.38,-26.33
20200227,1027789.42,-29.48
20200302,1027519.3,-29.5
20200303,1049646.65,-27.98
20200304,1051427.25,-27.86
20200305,1074966.17,-26.24
20200306,1065779.43,-26.87
20200309,1012053.93,-30.56
20200310,1030254.05,-29.31
20200311,1000509.9,-31.35
20200312,923784.33,-36.62
20200313,893088.59,-38.72
20200316,830179.13,-43.04
20200317,795021.67,-45.45
20200318,772116.9,-47.02
20200319,702940.18,-51.77
20200320,758248.15,-47.97
20200323,736382.05,-49.47
20200324,787138.58,-45.99
20200325,830169.66,-43.04
20200326,842123.42,-42.22
20200327,830577.33,-43.01
20200330,829342.69,-43.1
20200331,831540.87,-42.94
20200401,839922.09,-42.37
20200406,871897.57,-40.18
20200407,899205.12,-38.3
20200408,926776.57,-36.41
20200409,913322.18,-37.33
20200410,913894.0,-37.29
20200413,903245.01,-38.03
20200414,927414.09,-36.37
20200415,943721.69,-35.25
20200416,945709.68,-35.11
20200417,946423.79,-35.06
20200420,951976.18,-34.68
20200421,922365.06,-36.71
20200422,935719.17,-35.8
20200423,936511.54,-35.74
20200424,934086.65,-35.91
20200427,964628.47,-33.81
20200428,971020.9,-33.37
20200429,986298.19,-32.33
20200430,1009017.75,-30.77
20200504,986598.23,-32.31
20200505,992951.81,-31.87
20200506,993366.44,-31.84
20200507,1003739.73,-31.13
20200508,1008921.67,-30.77
20200511,1018397.39,-30.12
20200512,1003303.38,-31.16
20200513,1009099.73,-30.76
20200514,980577.82,-32.72
20200515,984787.24,-32.43
20200518,960470.89,-34.1
20200519,974569.27,-33.13
20200520,973557.92,-33.2
20200521,983900.46,-32.49
20200522,959731.63,-34.15
20200525,968391.52,-33.56
20200526,973114.44,-33.23
20200527,977597.07,-32.92
20200528,977146.01,-32.95
20200529,975158.06,-33.09
20200601,999180.64,-31.44
20200602,1010778.75,-30.65
20200603,1032609.48,-29.15
20200604,1046589.96,-28.19
20200605,1053821.29,-27.69
20200608,1065308.73,-26.91
20200609,1060086.98,-27.26
20200610,1070569.21,-26.54
20200611,1047814.7,-28.11
20200612,1042552.94,-28.47
20200615,1027618.2,-29.49
20200616,1057535.41,-27.44
20200617,1060223.28,-27.25
20200618,1079868.74,-25.91
20200619,1089592.4,-25.24
20200622,1100209.49,-24.51
20200623,1105787.44,-24.13
20200624,1118823.18,-23.23
20200629,1109972.62,-23.84
20200630,1121426.23,-23.05
20200701,1131517.81,-22.36
20200702,1151745.3,-20.97
20200703,1155326.1,-20.73
20200706,1188162.69,-18.48
20200707,1180870.34,-18.98
20200708,1201342.56,-17.57
20200709,1202655.68,-17.48
20200710,1162472.97,-20.24
20200713,1185576.68,-18.65
20200714,1172255.03,-19.57
20200715,1156535.1,-20.65
20200716,1149585.02,-21.12
20200717,1134631.85,-22.15
20200720,1154681.79,-20.77
20200721,1178811.19,-19.12
20200722,1193850.95,-18.09
20200723,1191082.75,-18.28
20200724,1156023.3,-20.68
20200727,1168602.38,-19.82
20200728,1162726.5,-20.22
20200729,1154806.51,-20.76
20200730,1178025.84,-19.17
20200731,1183128.43,-18.82
20200803,1181944.85,-18.9
20200804,1207692.33,-17.14
20200805,1222908.14,-16.09
20200806,1229657.13,-15.63
20200807,1216479.93,-16.53
20200810,1212845.75,-16.78
20200811,1198567.22,-17.76
20200812,1211931.84,-16.84
20200813,1200240.84,-17.65
20200814,1222432.85,-16.12
20200817,1227832.32,-15.75
20200818,1217383.44,-16.47
20200819,1215497.1,-16.6
20200820,1137954.02,-21.92
20200821,1174417.07,-19.42
20200824,1178970.35,-19.11
20200825,1182495.62,-18.86
20200826,1182801.25,-18.84
20200827,1186687.35,-18.58
20200828,1176244.25,-19.29
20200831,1153148.09,-20.88
20200901,1182229.66,-18.88
20200902,1183229.64,-18.81
20200903,1190090.9,-18.34
20200904,1184214.99,-18.75
20200907,1151028.68,-21.02
20200908,1155739.32,-20.7
20200909,1142576.62,-21.6
20200910,1132192.14,-22.32
20200911,1137266.95,-21.97
20200914,1168834.48,-19.8
20200915,1174907.46,-19.39
20200916,1192146.84,-18.2
20200917,1187110.26,-18.55
20200918,1192515.24,-18.18
20200921,1180667.58,-18.99
20200922,1165995.46,-20.0
20200923,1176350.9,-19.29
20200924,1145571.32,-21.4
20200925,1106386.68,-24.09
20200928,1139170.28,-21.84
20200929,1139896.85,-21.79
20200930,1154552.72,-20.78
20201005,1161918.84,-20.28
20201006,1171058.53,-19.65
20201007,1184461.26,-18.73
20201008,1212555.81,-16.8
20201012,1211360.71,-16.88
20201013,1210770.26,-16.92
20201014,1206107.58,-17.24
20201015,1202189.4,-17.51
20201016,1184277.66,-18.74
20201019,1202353.59,-17.5
20201020,1218557.34,-16.39
20201021,1213189.52,-16.76
20201022,1211000.72,-16.91
20201023,1210686.7,-16.93
20201026,1199517.55,-17.7
20201027,1203246.34,-17.44
20201028,1176582.79,-19.27
20201029,1166099.97,-19.99
20201030,1147656.06,-21.26
20201102,1133582.75,-22.22
20201103,1156983.05,-20.62
20201104,1180764.39,-18.98
20201105,1193887.55,-18.08
20201106,1211143.6,-16.9
20201109,1242024.07,-14.78
20201110,1226832.08,-15.82
20201111,1229641.23,-15.63
20201112,1230872.41,-15.55
20201113,1243832.85,-14.66
20201116,1270081.99,-12.86
20201117,1277822.3,-12.32
20201118,1301427.78,-10.7
20201119,1303933.51,-10.53
20201120,1313068.21,-9.91
20201123,1327421.82,-8.92
20201124,1341256.81,-7.97
20201125,1322438.25,-9.26
20201126,1352642.48,-7.19
20201127,1363953.2,-6.41
20201130,1366389.21,-6.25
20201201,1368948.85,-6.07
20201202,1373135.69,-5.78
20201203,1377329.35,-5.5
20201204,1372058.27,-5.86
20201207,1381350.34,-5.22
20201208,1400472.54,-3.91
20201209,1426592.41,-2.12
20201210,1404418.51,-3.64
20201211,1379164.94,-5.37
20201214,1390859.57,-4.57
20201215,1355146.91,-7.02
20201216,1388779.56,-4.71
20201217,1393118.06,-4.41
20201218,1387402.94,-4.81
20201221,1394225.92,-4.34
20201222,1360765.42,-6.63
20201223,1385504.86,-4.94
20201224,1389976.7,-4.63
20201225,1402263.97,-3.79
20201228,1437849.4,-1.34
20201229,1430527.81,-1.85
20201230,1451696.83,-0.39
20201231,1453601.79,-0.26
20210104,1495623.01,0.0
20210105,1526470.17,0.0
20210106,1490438.67,-2.36
20210107,1518714.73,-0.51
20210108,1548453.91,0.0
20210111,1581258.85,0.0
20210112,1544238.79,-2.34
20210113,1581542.47,0.0
20210114,1576916.32,-0.29
20210115,1554580.36,-1.7
20210118,1546271.89,-2.23
20210119,1572413.94,-0.58
20210120,1533214.52,-3.06
20210121,1591013.59,0.0
20210122,1648512.6,0.0
20210125,1647283.35,-0.07
20210126,1616534.16,-1.94
20210127,1632761.03,-0.96
20210128,1589406.04,-3.59
20210129,1563401.68,-5.16
20210201,1592722.15,-3.38
20210202,1634296.4,-0.86
20210203,1635177.37,-0.81
20210204,1616253.59,-1.96
20210205,1635677.58,-0.78
20210217,1702500.94,0.0
20210218,1734452.33,0.0
20210219,1726477.36,-0.46
20210222,1763080.86,0.0
20210223,1758207.26,-0.28
20210224,1721820.3,-2.34
20210225,1760347.13,-0.16
20210226,1719672.53,-2.46
20210302,1689387.08,-4.18
20210303,1713804.23,-2.79
20210304,1676506.17,-4.91
20210305,1649048.1,-6.47
20210308,1625740.58,-7.79
20210309,1628808.23,-7.62
20210310,1634969.85,-7.27
20210311,1682406.41,-4.58
20210312,1690767.66,-4.1
20210315,1692160.39,-4.02
20210316,1699752.92,-3.59
20210317,1709555.66,-3.04
20210318,1727158.09,-2.04
20210319,1706008.13,-3.24
20210322,1740195.27,-1.3
20210323,1726494.37,-2.08
20210324,1735162.94,-1.58
20210325,1719720.47,-2.46
20210326,1782227.41,0.0
20210329,1800469.77,0.0
20210330,1830096.2,0.0
20210331,1822397.89,-0.42
20210401,1841413.42,0.0
20210406,1876244.85,0.0
20210407,1907787.65,0.0
20210408,1930283.45,0.0
20210409,1906210.93,-1.25
20210412,1908321.49,-1.14
20210413,1885268.56,-2.33
20210414,1869164.02,-3.17
20210415,1898348.06,-1.65
20210416,1922748.0,-0.39
20210419,1939303.54,0.0
20210420,1966497.42,0.0
20210421,1982147.6,0.0
20210422,1938160.92,-2.22
20210423,1987586.55,0.0
20210426,2041272.66,0.0
20210427,2066499.68,0.0
20210428,2090546.51,0.0
20210429,2094389.14,0.0
20210503,2006733.07,-4.19
20210504,1935471.61,-7.59
20210505,1882207.17,-10.13
20210506,1893352.66,-9.6
20210507,1998794.17,-4.56
20210510,1949703.33,-6.91
20210511,1821621.72,-13.02
20210512,1731661.84,-17.32
20210513,1727786.08,-17.5
20210514,1730543.15,-17.37
20210517,1661068.66,-20.69
20210518,1779917.82,-15.01
20210519,1790822.94,-14.49
20210520,1767085.02,-15.63
20210521,1822796.97,-12.97
20210524,1865894.54,-10.91
20210525,1914105.01,-8.61
20210526,1918864.47,-8.38
20210527,1918886.21,-8.38
20210528,1969520.99,-5.96
20210531,2028919.48,-3.13
20210601,2042131.44,-2.5
20210602,2008329.91,-4.11
20210603,2058862.16,-1.7
20210604,2035092.34,-2.83
20210607,2046836.49,-2.27
20210608,2053523.22,-1.95
20210609,2038113.19,-2.69
20210610,2020413.81,-3.53
20210611,2046765.69,-2.27
20210615,2102303.86,0.0
20210616,2056276.81,-2.19
20210617,2118724.34,0.0
20210618,2117380.52,-0.06
20210621,2102429.48,-0.77
20210622,2108544.41,-0.48
20210623,2113264.92,-0.26
20210624,2149406.59,0.0
20210625,2168887.23,0.0
20210628,2239121.35,0.0
20210629,2221118.77,-0.8
20210630,2290603.74,0.0
20210701,2291728.03,0.0
20210702,2312943.24,0.0
20210705,2349503.14,0.0
20210706,2339961.8,-0.41
20210707,2293178.32,-2.4
20210708,2331386.3,-0.77
20210709,2272520.46,-3.28
20210712,2282528.74,-2.85
20210713,2221984.9,-5.43
20210714,2177744.28,-7.31
20210715,2254205.64,-4.06
20210716,2252080.36,-4.15
20210719,2245770.37,-4.42
20210720,2171508.75,-7.58
20210721,2109730.12,-10.21
20210722,2152291.52,-8.39
20210723,2195464.09,-6.56
20210726,2183202.51,-7.08
20210727,2136659.13,-9.06
20210728,2096336.04,-10.78
20210729,2178929.34,-7.26
20210730,2138739.86,-8.97
20210802,2196264.83,-6.52
20210803,2199881.84,-6.37
20210804,2246210.29,-4.4
20210805,2226759.04,-5.22
20210806,2215330.94,-5.71
20210809,2200312.27,-6.35
20210810,2160769.36,-8.03
20210811,2114988.84,-9.98
20210812,2135132.69,-9.12
20210813,2066361.48,-12.05
20210816,2050695.87,-12.72
20210817,1985627.61,-15.49
20210818,2062271.42,-12.23
20210819,1949394.1,-17.03
20210820,1954313.53,-16.82
20210823,2025102.95,-13.81
20210824,1977072.02,-15.85
20210825,2023792.25,-13.86
20210826,2012303.99,-14.35
20210827,2019542.97,-14.04
20210830,2028738.62,-13.65
20210831,2024533.57,-13.83
20210901,2031226.03,-13.55
20210902,1997227.17,-14.99
20210903,1975393.14,-15.92
20210906,1921549.37,-18.21
20210907,1924449.17,-18.09
20210908,1900789.19,-19.1
20210909,1923054.46,-18.15
20210910,1960041.75,-16.58
20210913,1944802.14,-17.22
20210914,1907581.12,-18.81
20210915,1896823.16,-19.27
20210916,1887700.25,-19.66
20210917,1913044.5,-18.58
20210922,1850304.95,-21.25
20210923,1862963.22,-20.71
20210924,1908368.87,-18.78
20210927,1916328.64,-18.44
20210928,1877568.5,-20.09
20210929,1833532.95,-21.96
20210930,1863680.41,-20.68
20211001,1777714.78,-24.34
20211004,1703270.31,-27.51
20211005,1752151.7,-25.42
20211006,1711718.95,-27.15
20211007,1767551.0,-24.77
20211008,1746136.35,-25.68
20211012,1677222.37,-28.61
20211013,1637166.04,-30.32
20211014,1667875.25,-29.01
20211015,1691423.58,-28.01
20211018,1677682.4,-28.59
20211019,1704149.36,-27.47
20211020,1704590.9,-27.45
20211021,1717475.07,-26.9
20211022,1691029.96,-28.03
20211025,1722659.11,-26.68
20211026,1727293.97,-26.48
20211027,1741968.5,-25.86
20211028,1762936.22,-24.97
20211029,1782784.54,-24.12
20211101,1777705.72,-24.34
20211102,1776452.84,-24.39
20211103,1825146.77,-22.32
20211104,1807463.92,-23.07
20211105,1844641.36,-21.49
20211108,1902670.08,-19.02
20211109,1917424.62,-18.39
20211110,1898661.45,-19.19
20211111,1869275.23,-20.44
20211112,1888100.23,-19.64
20211115,1888034.71,-19.64
20211116,1901787.4,-19.06
20211117,1923444.28,-18.13
20211118,1945034.32,-17.22
20211119,1927081.3,-17.98
20211122,1947387.25,-17.11
20211123,1939754.52,-17.44
20211124,1954463.37,-16.81
20211125,1965103.26,-16.36
20211126,1913603.4,-18.55
20211129,1927394.96,-17.97
20211130,1954603.03,-16.81
20211201,1970907.43,-16.11
20211202,1976826.29,-15.86
20211203,2001144.41,-14.83
20211206,2005898.56,-14.62
20211207,2011421.8,-14.39
20211208,2037892.1,-13.26
20211209,2034240.81,-13.42
20211210,2009128.05,-14.49
20211213,2000603.56,-14.85
20211214,1933314.84,-17.71
20211215,1995468.82,-15.07
20211216,2033499.14,-13.45
20211217,2019914.09,-14.03
20211220,2006291.24,-14.61
20211221,2041667.71,-13.1
20211222,2048088.9,-12.83
20211223,2065461.22,-12.09
20211224,2057847.66,-12.41
20211227,2069943.21,-11.9
20211228,2083015.51,-11.34
20211229,2075789.8,-11.65
20211230,2077390.6,-11.58
20220103,2042440.76,-13.07
20220104,2047996.06,-12.83
20220105,2026574.64,-13.74
20220106,2004607.59,-14.68
20220107,1942964.65,-17.3
20220110,1940310.07,-17.42
20220111,1900328.39,-19.12
20220112,1888813.23,-19.61
20220113,1877798.29,-20.08
20220114,1888606.05,-19.62
20220117,1917937.25,-18.37
20220118,1928985.39,-17.9
20220119,1895933.11,-19.3
20220120,1914973.45,-18.49
20220121,1832355.46,-22.01
20220124,1845074.62,-21.47
20220125,1791196.69,-23.76
20220126,1795493.52,-23.58
20220207,1858401.25,-20.9
20220208,1904209.94,-18.95
20220209,1968962.48,-16.2
20220210,1978654.35,-15.78
20220211,2010875.54,-14.41
20220214,1949044.55,-17.04
20220215,1957589.24,-16.68
20220216,2008245.29,-14.52
20220217,2009005.6,-14.49
20220218,2037931.21,-13.26
20220221,2021652.68,-13.95
20220222,1963204.23,-16.44
20220223,2008103.32,-14.53
20220224,1935877.9,-17.6
20220225,1988956.59,-15.35
20220301,2052212.46,-12.65
20220302,2075826.46,-11.65
20220303,2098427.09,-10.69
20220304,2083443.11,-11.32
20220307,1964253.56,-16.4
20220308,1892275.62,-19.46
20220309,1934616.1,-17.66
20220310,1980690.5,-15.7
20220311,1979024.63,-15.77
20220314,1986280.88,-15.46
20220315,1903879.94,-18.97
20220316,1899542.41,-19.15
20220317,2010235.09,-14.44
20220318,1997357.54,-14.99
20220321,2010384.2,-14.43
20220322,2013966.98,-14.28
20220323,2047606.32,-12.85
20220324,2043920.97,-13.01
20220325,2024393.61,-13.84
20220328,2028459.92,-13.66
20220329,2048731.09,-12.8
20220330,2059376.58,-12.35
20220331,2046237.02,-12.91
20220401,2046298.71,-12.91
20220406,2020363.35,-14.01
20220407,1944224.18,-17.25
20220408,1964476.49,-16.39
20220411,1888528.98,-19.62
20220412,1889209.43,-19.59
20220413,1938787.49,-17.48
20220414,1932774.89,-17.74
20220415,1879754.15,-19.99
20220418,1863328.5,-20.69
20220419,1885864.3,-19.73
20220420,1902429.43,-19.03
20220421,1925816.06,-18.03
20220422,1885678.11,-19.74
20220425,1799848.52,-23.39
20220426,1791255.91,-23.76
20220427,1778243.98,-24.31
20220428,1785242.68,-24.02
20220429,1813562.99,-22.81
20220503,1822405.1,-22.43
20220504,1846446.18,-21.41
20220505,1893952.65,-19.39
20220506,1857024.85,-20.96
20220509,1801216.66,-23.34
20220510,1834991.94,-21.9
20220511,1814262.08,-22.78
20220512,1759056.42,-25.13
20220513,1816221.9,-22.7
20220516,1808753.04,-23.02
20220517,1834111.19,-21.94
20220518,1857951.64,-20.92
20220519,1849548.89,-21.28
20220520,1850301.02,-21.25
20220523,1864138.77,-20.66
20220524,1814888.74,-22.75
20220525,1844830.97,-21.48
20220526,1812534.41,-22.85
20220527,1845557.4,-21.45
20220530,1898630.85,-19.19
20220531,1911832.24,-18.63
20220601,1905265.93,-18.91
20220602,1900784.35,-19.1
20220606,1884049.66,-19.81
20220607,1868273.07,-20.48
20220608,1877298.39,-20.1
20220609,1865782.99,-20.59
20220610,1850753.68,-21.23
20220613,1795986.47,-23.56
20220614,1801560.0,-23.32
20220615,1767678.3,-24.76
20220616,1704710.95,-27.44
20220617,1680800.74,-28.46
20220620,1604355.95,-31.72
20220621,1662223.96,-29.25
20220622,1565203.58,-33.38
20220623,1532532.16,-34.77
20220624,1540012.52,-34.45
20220627,1592458.67,-32.22
20220628,1561965.84,-33.52
20220629,1539310.15,-34.48
20220630,1489927.69,-36.59
20220701,1387143.89,-40.96
20220704,1397731.01,-40.51
20220705,1419073.64,-39.6
20220706,1365211.6,-41.89
20220707,1423686.05,-39.4
20220708,1436045.96,-38.88
20220711,1429080.01,-39.18
20220712,1362046.33,-42.03
20220713,1378741.05,-41.32
20220714,1418806.39,-39.61
20220715,1423098.28,-39.43
20220718,1450805.53,-38.25
20220719,1455316.0,-38.06
20220720,1460403.09,-37.84
20220721,1518025.05,-35.39
20220722,1510759.07,-35.7
20220725,1493671.22,-36.43
20220726,1464543.97,-37.67
20220727,1480642.36,-36.98
20220728,1449325.45,-38.31
20220729,1472881.88,-37.31
20220801,1456349.08,-38.01
20220802,1421097.51,-39.51
20220803,1402019.91,-40.33
20220804,1400713.56,-40.38
20220805,1451848.59,-38.21
20220808,1450798.23,-38.25
20220809,1451436.24,-38.22
20220810,1423754.68,-39.4
20220811,1448788.21,-38.34
20220812,1491195.93,-36.53
20220815,1529027.68,-34.92
20220816,1522874.79,-35.18
20220817,1520339.13,-35.29
20220818,1540846.65,-34.42
20220819,1540982.45,-34.41
20220822,1514958.54,-35.52
20220823,1506519.89,-35.88
20220824,1497864.62,-36.25
20220825,1523101.9,-35.17
20220826,1530202.06,-34.87
20220829,1485923.79,-36.76
20220830,1490603.95,-36.56
20220831,1502637.43,-36.04
20220901,1456841.18,-37.99
20220902,1455722.22,-38.04
20220905,1431732.14,-39.06
20220906,1408443.18,-40.05
20220907,1392490.47,-40.73
20220908,1412571.82,-39.88
20220912,1445454.95,-38.48
20220913,1452840.86,-38.16
20220914,1446125.18,-38.45
20220915,1431935.68,-39.05
20220916,1410611.82,-39.96
20220919,1472789.93,-37.31
20220920,1495477.2,-36.35
20220921,1488526.51,-36.65
20220922,1477196.65,-37.13
20220923,1438692.74,-38.77
20220926,1367205.61,-41.81
20220927,1396294.12,-40.57
20220928,1314305.57,-44.06
20220929,1320229.79,-43.81
20220930,1344949.37,-42.76
20221003,1343297.73,-42.83
20221004,1382989.57,-41.14
20221005,1388516.14,-40.9
20221006,1413838.89,-39.82
20221007,1397080.24,-40.54
20221011,1318669.31,-43.87
20221012,1296526.0,-44.82
20221013,1230572.51,-47.62
20221014,1289568.93,-45.11
20221017,1277441.16,-45.63
20221018,1278422.96,-45.59
20221019,1276479.19,-45.67
20221020,1261237.92,-46.32
20221021,1228575.25,-47.71
20221024,1253248.35,-46.66
20221025,1234983.55,-47.44
20221026,1227062.75,-47.77
20221027,1276784.16,-45.66
20221028,1271094.3,-45.9
20221031,1289656.01,-45.11
20221101,1300489.8,-44.65
20221102,1312226.36,-44.15
20221103,1324722.29,-43.62
20221104,1333553.67,-43.24
20221107,1360061.97,-42.11
20221108,1365503.43,-41.88
20221109,1401159.16,-40.36
20221110,1395429.59,-40.61
20221111,1445559.7,-38.47
20221114,1471060.59,-37.39
20221115,1497386.62,-36.27
20221116,1507129.13,-35.85
20221117,1509148.77,-35.77
20221118,1484579.74,-36.81
20221121,1478161.87,-37.09
20221122,1478683.77,-37.06
20221123,1496964.66,-36.29
20221124,1543805.33,-34.29
20221125,1526356.81,-35.03
20221128,1523422.96,-35.16
20221129,1518967.04,-35.35
20221130,1553997.02,-33.86
20221201,1566491.69,-33.33
20221202,1583124.99,-32.62
20221205,1605669.69,-31.66
20221206,1568544.26,-33.24
20221207,1525320.37,-35.08
20221208,1528392.12,-34.95
20221209,1555315.78,-33.8
20221212,1531046.46,-34.84
20221213,1520970.5,-35.26
20221214,1554548.93,-33.83
20221215,1542856.84,-34.33
20221216,1522553.86,-35.2
20221219,1516071.77,-35.47
20221220,1455619.76,-38.05
20221221,1464929.39,-37.65
20221222,1489583.32,-36.6
20221223,1483796.69,-36.85
20221226,1464892.94,-37.65
20221227,1475545.77,-37.2
20221228,1435633.43,-38.9
20221229,1440332.84,-38.7
20221230,1440319.55,-38.7
20230103,1469970.0,-37.43
20230104,1457588.42,-37.96
20230105,1442364.44,-38.61
20230106,1462710.9,-37.74
20230109,1497975.13,-36.24
20230110,1494895.99,-36.37
20230111,1488847.56,-36.63
20230112,1475494.32,-37.2
20230113,1470631.8,-37.41
20230116,1489332.13,-36.61
20230117,1494230.14,-36.4
20230130,1540732.53,-34.42
20230131,1549204.31,-34.06
20230201,1572266.32,-33.08
20230202,1624957.27,-30.84
20230203,1620261.2,-31.04
20230206,1604341.45,-31.72
20230207,1611070.46,-31.43
20230208,1648272.13,-29.85
20230209,1653171.78,-29.64
20230210,1629357.14,-30.65
20230213,1612791.26,-31.36
20230214,1615514.88,-31.24
20230215,1612451.57,-31.37
20230216,1650508.99,-29.75
20230217,1643201.41,-30.06
20230220,1646082.66,-29.94
20230221,1665419.22,-29.12
20230222,1617555.3,-31.15
20230223,1667250.59,-29.04
20230224,1651266.58,-29.72
20230301,1669290.68,-28.95
20230302,1679691.1,-28.51
20230303,1681424.4,-28.43
20230306,1707067.5,-27.34
20230307,1709623.81,-27.23
20230308,1708512.38,-27.28
20230309,1709333.01,-27.25
20230310,1666719.1,-29.06
20230313,1676236.14,-28.66
20230314,1643954.31,-30.03
20230315,1659508.45,-29.37
20230316,1646142.47,-29.94
20230317,1683165.51,-28.36
20230320,1690391.17,-28.05
20230321,1691682.57,-28.0
20230322,1714497.44,-27.03
20230323,1721782.5,-26.72
20230324,1735861.88,-26.12
20230327,1728320.63,-26.44
20230328,1685519.64,-28.26
20230329,1684394.27,-28.31
20230330,1700103.86,-27.64
20230331,1710984.42,-27.18
20230406,1711628.39,-27.15
20230407,1733523.34,-26.22
20230410,1750771.1,-25.48
20230411,1755283.06,-25.29
20230412,1761232.34,-25.04
20230413,1737233.09,-26.06
20230414,1758904.66,-25.14
20230417,1760558.49,-25.07
20230418,1735091.82,-26.15
20230419,1738275.52,-26.02
20230420,1723444.93,-26.65
20230421,1681600.72,-28.43
20230424,1686713.86,-28.21
20230425,1631429.69,-30.56
20230426,1637583.78,-30.3
20230427,1637419.72,-30.31
20230428,1677649.36,-28.6
20230502,1723057.37,-26.66
20230503,1707848.59,-27.31
20230504,1717362.26,-26.91
20230505,1731624.33,-26.3
20230508,1722258.74,-26.7
20230509,1715928.86,-26.97
20230510,1726210.47,-26.53
20230511,1690627.07,-28.04
20230512,1705228.6,-27.42
20230515,1681178.34,-28.45
20230516,1699797.33,-27.65
20230517,1736715.63,-26.08
20230518,1753840.57,-25.35
20230519,1787223.21,-23.93
20230522,1782422.03,-24.14
20230523,1801123.28,-23.34
20230524,1790490.42,-23.79
20230525,1808922.59,-23.01
20230526,1821481.42,-22.47
20230529,1851565.63,-21.19
20230530,1843005.19,-21.56
20230531,1838231.98,-21.76
20230601,1853586.49,-21.11
20230602,1848771.4,-21.31
20230605,1849542.58,-21.28
20230606,1848596.14,-21.32
20230607,1854771.56,-21.06
20230608,1809423.07,-22.99
20230609,1845121.81,-21.47
20230612,1851339.42,-21.2
20230613,1913080.72,-18.58
20230614,1925578.38,-18.04
20230615,1959741.14,-16.59
20230616,1978659.24,-15.78
20230619,1979623.16,-15.74
20230620,1956877.85,-16.71
20230621,1949236.41,-17.04
20230626,1936021.86,-17.6
20230627,1902097.92,-19.04
20230628,1909589.19,-18.72
20230629,1951559.09,-16.94
20230630,1945185.61,-17.21
20230703,1995717.1,-15.06
20230704,2024576.47,-13.83
20230705,2022377.24,-13.92
20230706,1996393.34,-15.03
20230707,1983354.21,-15.58
20230710,1986069.59,-15.47
20230711,2019413.07,-14.05
20230712,2046233.68,-12.91
20230713,2082589.76,-11.36
20230714,2136766.62,-9.05
20230717,2125274.04,-9.54
20230718,2122408.33,-9.67
20230719,2126633.48,-9.49
20230720,2145234.42,-8.69
20230721,2183251.0,-7.08
20230724,2177934.46,-7.3
20230725,2201717.26,-6.29
20230726,2164328.69,-7.88
20230727,2169211.54,-7.67
20230728,2196568.18,-6.51
20230731,2148431.57,-8.56
20230801,2124466.73,-9.58
20230802,2047128.99,-12.87
20230804,2061042.01,-12.28
20230807,2120380.41,-9.75
20230808,2116371.99,-9.92
20230809,2099579.4,-10.64
20230810,1986875.64,-15.43
20230811,1984575.72,-15.53
20230814,1945775.36,-17.18
20230815,2007861.17,-14.54
20230816,2021245.44,-13.97
20230817,2047562.25,-12.85
20230818,2007745.63,-14.55
20230821,2027524.07,-13.7
20230822,2048492.71,-12.81
20230823,2061448.62,-12.26
20230824,2106251.44,-10.35
20230825,2052820.64,-12.63
20230828,2015484.77,-14.22
20230829,2050075.29,-12.74
20230830,2064157.79,-12.14
20230831,2064847.59,-12.12
20230901,2031709.18,-13.53
20230904,2051600.05,-12.68
20230905,2071375.97,-11.84
20230906,2076048.63,-11.64
20230907,2062462.53,-12.22
20230908,2037246.68,-13.29
20230911,1975724.27,-15.91
20230912,1971601.99,-16.08
20230913,1983342.65,-15.58
20230914,2025902.83,-13.77
20230915,2038562.89,-13.23
20230918,1982989.9,-15.6
20230919,1946964.91,-17.13
20230920,1931782.57,-17.78
20230921,1909746.69,-18.72
20230922,1954233.11,-16.82
20230925,1978932.73,-15.77
20230926,1962745.55,-16.46
20230927,1976740.75,-15.87
20230928,1990853.08,-15.26
20231002,2054664.85,-12.55
20231003,2019810.46,-14.03
20231004,2005605.4,-14.64
20231005,2040203.48,-13.16
20231006,2045341.57,-12.95
20231011,2015434.44,-14.22
20231012,2061137.18,-12.27
20231013,2029300.65,-13.63
20231016,2004582.79,-14.68
20231017,1970042.07,-16.15
20231018,1914146.59,-18.53
20231019,1926071.83,-18.02
20231020,1920963.68,-18.24
20231023,1897522.69,-19.24
20231024,1938986.41,-17.47
20231025,1933392.07,-17.71
20231026,1878252.53,-20.06
20231027,1882655.94,-19.87
20231030,1891369.82,-19.5
20231031,1811066.58,-22.92
20231101,1831413.12,-22.05
20231102,1893527.38,-19.41
20231103,1905735.57,-18.89
20231106,1944212.75,-17.25
20231107,1944020.7,-17.26
20231108,1971236.32,-16.1
20231109,1986053.17,-15.47
20231110,1974602.51,-15.96
20231113,1985002.72,-15.51
20231114,2000798.68,-14.84
20231115,1992316.66,-15.2
20231116,1998610.86,-14.93
20231117,2019155.5,-14.06
20231120,2017785.42,-14.12
20231121,2042443.99,-13.07
20231122,2019826.4,-14.03
20231123,1971694.78,-16.08
20231124,1976795.8,-15.86
20231127,1924265.34,-18.1
20231128,1964287.61,-16.4
20231129,1996907.45,-15.01
20231130,2015916.65,-14.2
20231201,2033636.06,-13.44
20231204,2004672.04,-14.68
20231205,1981885.62,-15.65
20231206,1998124.87,-14.96
20231207,2010479.7,-14.43
20231208,2041381.72,-13.11
20231211,2013149.56,-14.32
20231212,2015334.08,-14.22
20231213,2026699.83,-13.74
20231214,2036483.21,-13.32
20231215,2013533.4,-14.3
20231218,2002342.06,-14.78
20231219,1990724.66,-15.27
20231220,2001179.24,-14.83
20231221,2007510.88,-14.56
20231222,2026676.92,-13.74
20231225,2030395.51,-13.58
20231226,2035090.26,-13.38
20231227,2038482.29,-13.24
20231228,2037905.2,-13.26
20231229,2051859.59,-12.67
20240102,2019572.81,-14.04
20240103,2002258.15,-14.78
20240104,1990973.04,-15.26
20240105,2004508.55,-14.68
20240108,1989427.53,-15.33
20240109,2021456.71,-13.96
20240110,2032623.05,-13.49
20240111,2082373.64,-11.37
20240112,2080588.08,-11.45
20240115,2077450.18,-11.58
20240116,2075599.77,-11.66
20240117,2048228.32,-12.82
20240118,2039214.78,-13.21
20240119,2101274.66,-10.57
20240122,2193187.99,-6.65
20240123,2189806.91,-6.8
20240124,2167737.23,-7.74
20240125,2157254.02,-8.18
20240126,2139292.45,-8.95
20240129,2187994.94,-6.87
20240130,2231958.45,-5.0
20240131,2215476.17,-5.7
20240201,2226764.08,-5.22
20240202,2280556.22,-2.93
20240205,2280520.78,-2.94
20240215,2356068.84,0.0
20240216,2333895.3,-0.94
20240219,2299135.78,-2.42
20240220,2292277.31,-2.71
20240221,2254410.45,-4.31
20240222,2266160.26,-3.82
20240223,2271088.74,-3.61
20240226,2288605.53,-2.86
20240227,2262030.67,-3.99
20240229,2329676.78,-1.12
20240301,2358384.61,0.0
20240304,2370095.93,0.0
20240305,2399479.28,0.0
20240306,2398737.66,-0.03
20240307,2381653.69,-0.74
20240308,2337850.8,-2.57
20240311,2364995.3,-1.44
20240312,2394472.54,-0.21
20240313,2350871.61,-2.03
20240314,2338818.28,-2.53
20240315,2322759.33,-3.2
20240318,2356303.79,-1.8
20240319,2328218.16,-2.97
20240320,2306218.95,-3.89
20240321,2339412.6,-2.5
20240322,2357897.6,-1.73
20240325,2379613.11,-0.83
20240326,2335315.07,-2.67
20240327,2316712.0,-3.45
20240328,2324632.63,-3.12
20240329,2366242.17,-1.39
20240401,2374447.57,-1.04
20240402,2400558.76,0.0
20240403,2415519.22,0.0
20240408,2414946.63,-0.02
20240409,2422396.59,0.0
20240410,2406929.62,-0.64
20240411,2422294.94,-0.0
20240412,2451847.86,0.0
20240415,2380484.72,-2.91
20240416,2312108.2,-5.7
20240417,2363883.05,-3.59
20240418,2374845.74,-3.14
20240419,2286434.57,-6.75
20240422,2194830.01,-10.48
20240423,2213467.86,-9.72
20240424,2318425.27,-5.44
20240425,2281586.56,-6.94
20240426,2349969.77,-4.16
20240429,2374864.91,-3.14
20240430,2365717.04,-3.51
20240502,2339749.58,-4.57
20240503,2328134.39,-5.05
20240506,2323227.39,-5.25
20240507,2341591.53,-4.5
20240508,2374253.54,-3.16
20240509,2352955.01,-4.03
20240510,2352268.4,-4.06
20240513,2363476.01,-3.6
20240514,2426273.28,-1.04
20240515,2424635.53,-1.11
20240516,2446018.36,-0.24
20240517,2450835.49,-0.04
20240520,2453993.59,0.0
20240521,2451595.13,-0.1
20240522,2475013.31,0.0
20240523,2469088.73,-0.24
20240524,2499933.53,0.0
20240527,2566607.75,0.0
20240528,2583633.17,0.0
20240529,2569011.03,-0.57
20240530,2536588.6,-1.82
20240531,2470875.23,-4.36
20240603,2509325.83,-2.88
20240604,2479575.46,-4.03
20240605,2488318.12,-3.69
20240606,2511016.34,-2.81
20240607,2518264.26,-2.53
20240611,2496924.75,-3.36
20240612,2501421.6,-3.18
20240613,2555753.77,-1.08
20240614,2619622.59,0.0
20240617,2595445.8,-0.92
20240618,2625883.48,0.0
20240619,2682638.47,0.0
20240620,2729689.13,0.0
20240621,2707522.21,-0.81
20240624,2636316.64,-3.42
20240625,2649482.77,-2.94
20240626,2651651.15,-2.86
20240627,2636353.76,-3.42
20240628,2662816.99,-2.45
20240701,2658500.98,-2.61
20240702,2637344.82,-3.38
20240703,2653312.69,-2.8
20240704,2702363.78,-1.0
20240705,2678511.74,-1.87
20240708,2668946.22,-2.23
20240709,2696077.12,-1.23
20240710,2719142.28,-0.39
20240711,2704920.53,-0.91
20240712,2650671.28,-2.89
20240715,2655930.17,-2.7
20240716,2645018.49,-3.1
20240717,2614875.01,-4.21
20240718,2565108.68,-6.03
20240719,2529740.47,-7.32
20240722,2431516.78,-10.92
20240723,2519004.83,-7.72
20240726,2401421.21,-12.03
20240729,2319094.56,-15.04
20240730,2345445.41,-14.08
20240731,2352877.17,-13.8
20240801,2395695.03,-12.24
20240802,2261649.86,-17.15
20240805,2051539.26,-24.84
20240806,2066947.26,-24.28
20240807,2184750.74,-19.96
20240808,2115108.81,-22.51
20240809,2187574.2,-19.86
20240812,2273310.16,-16.72
20240813,2265272.29,-17.01
20240814,2294555.02,-15.94
20240815,2282664.21,-16.38
20240816,2345112.4,-14.09
20240819,2339720.82,-14.29
20240820,2349297.0,-13.94
20240821,2336743.1,-14.4
20240822,2334745.32,-14.47
20240823,2344449.89,-14.11
20240826,2320572.48,-14.99
20240827,2325233.81,-14.82
20240828,2327764.54,-14.72
20240829,2327910.32,-14.72
20240830,2336020.37,-14.42
20240902,2297465.26,-15.83
20240903,2274124.09,-16.69
20240904,2145061.91,-21.42
20240905,2136083.63,-21.75
20240906,2159709.47,-20.88
20240909,2142522.32,-21.51
20240910,2101033.12,-23.03
20240911,2116359.73,-22.47
20240912,2217861.09,-18.75
20240913,2208899.98,-19.08
20240916,2210992.47,-19.0
20240918,2182395.63,-20.05
20240919,2232016.37,-18.23
20240920,2224088.85,-18.52
20240923,2252102.78,-17.5
20240924,2273567.59,-16.71
20240925,2341054.44,-14.24
20240926,2358378.92,-13.6
20240927,2379074.17,-12.84
20240930,2283374.12,-16.35
20241001,2295109.0,-15.92
20241004,2241976.54,-17.87
20241007,2273304.29,-16.72
20241008,2269512.74,-16.86
20241009,2285246.01,-16.28
20241011,2323069.24,-14.9
20241014,2349842.68,-13.92
20241015,2373171.02,-13.06
20241016,2363177.8,-13.43
20241017,2386333.14,-12.58
20241018,2379976.64,-12.81
20241021,2428175.49,-11.05
20241022,2449014.12,-10.28
20241023,2453941.59,-10.1
20241024,2391172.32,-12.4
20241025,2412723.68,-11.61
20241028,2397673.33,-12.16
20241029,2346163.17,-14.05
20241030,2354233.64,-13.75
20241101,2358425.34,-13.6
20241104,2378548.71,-12.86
20241105,2417045.92,-11.45
20241106,2458115.58,-9.95
20241107,2481039.56,-9.11
20241108,2500130.95,-8.41
20241111,2500776.55,-8.39
20241112,2448581.61,-10.3
20241113,2435034.17,-10.79
20241114,2439906.73,-10.62
20241115,2418495.91,-11.4
20241118,2365273.45,-13.35
20241119,2420161.07,-11.34
20241120,2418437.72,-11.4
20241121,2397453.6,-12.17
20241122,2427551.85,-11.07
20241125,2436506.74,-10.74
20241126,2402003.16,-12.0
20241127,2319758.69,-15.02
20241128,2313254.06,-15.26
20241129,2336564.72,-14.4
20241202,2373064.96,-13.06
20241203,2403658.35,-11.94
20241204,2446347.87,-10.38
20241205,2463350.69,-9.76
20241206,2465532.14,-9.68
20241209,2491605.99,-8.72
20241210,2451897.58,-10.18
20241211,2450824.82,-10.22
20241212,2456023.46,-10.03
20241213,2463867.04,-9.74
20241216,2402128.27,-12.0
20241217,2443731.01,-10.48
20241218,2449986.73,-10.25
20241219,2445547.43,-10.41
20241220,2426760.88,-11.1
20241223,2460807.66,-9.85
20241224,2451465.79,-10.19
20241225,2469314.98,-9.54
20241226,2480572.44,-9.13
20241227,2477042.58,-9.26
20241230,2454433.9,-10.08
20241231,2459001.03,-9.92
20250102,2429200.78,-11.01
20250103,2456498.91,-10.01
20250106,2491059.86,-8.74
20250107,2537617.29,-7.04
20250108,2521246.78,-7.64
20250109,2448190.16,-10.31
20250110,2418949.28,-11.38
20250113,2324248.52,-14.85
20250114,2350707.81,-13.88
20250115,2309107.64,-15.41
20250116,2366903.49,-13.29
20250117,2364628.95,-13.37
20250120,2405454.42,-11.88
20250121,2397608.35,-12.17
20250122,2423949.61,-11.2
20250203,2275374.62,-16.64
20250204,2244016.25,-17.79
20250205,2302950.11,-15.63
20250206,2320286.11,-15.0
20250207,2354451.83,-13.75
20250210,2333518.08,-14.51
20250211,2376451.38,-12.94
20250212,2368270.05,-13.24
20250213,2397062.12,-12.19
20250214,2375716.42,-12.97
20250217,2405920.58,-11.86
20250218,2418897.74,-11.39
20250219,2435336.44,-10.78
20250220,2430462.47,-10.96
20250221,2455824.17,-10.03
20250224,2464964.65,-9.7
20250225,2395640.67,-12.24
20250226,2435666.17,-10.77
20250227,2362179.33,-13.46
20250303,2300716.32,-15.72
20250304,2305727.66,-15.53
20250305,2331662.98,-14.58
20250306,2321412.47,-14.96
20250307,2282741.24,-16.37
20250310,2257090.28,-17.31
20250311,2205698.04,-19.2
20250312,2228056.48,-18.38
20250313,2228950.48,-18.34
20250314,2230230.75,-18.3
20250317,2250249.9,-17.56
20250318,2282482.96,-16.38
20250319,2220342.87,-18.66
20250320,2251506.85,-17.52
20250321,2252996.13,-17.46
20250324,2233786.83,-18.17
20250325,2258523.21,-17.26
20250326,2267273.76,-16.94
20250327,2217324.74,-18.77
20250328,2153865.29,-21.09
20250331,2025164.03,-25.81
20250401,2079214.46,-23.83
20250402,2085026.37,-23.62
20250407,1878671.88,-31.18
20250408,1728751.08,-36.67
20250409,1583887.8,-41.98
20250410,1740320.65,-36.24
20250411,1849297.95,-32.25
20250414,1894970.47,-30.58
20250415,1955784.79,-28.35
20250416,1894971.1,-30.58
20250417,1892468.03,-30.67
20250418,1907233.28,-30.13
20250421,1844956.77,-32.41
20250422,1809906.76,-33.7
20250423,1898595.03,-30.45
20250424,1899138.64,-30.43
20250425,1953874.22,-28.42
20250428,1978451.14,-27.52
20250429,2011152.72,-26.32
20250430,1982111.33,-27.39
20250502,2070699.54,-24.14
20250505,2029140.74,-25.66
20250506,2053682.98,-24.76
20250507,2043475.83,-25.14
20250508,2065442.7,-24.33
20250509,2118595.01,-22.39
20250512,2163446.04,-20.74
20250513,2211350.52,-18.99
20250514,2280064.38,-16.47
20250515,2283648.02,-16.34
20250516,2291011.26,-16.07
20250519,2228276.78,-18.37
20250520,2245063.64,-17.75
20250521,2294610.73,-15.94
20250522,2287804.99,-16.19
20250523,2268627.87,-16.89
20250526,2249601.69,-17.59
20250527,2228292.46,-18.37
20250528,2221350.8,-18.62
20250529,2240238.43,-17.93
20250602,2227182.53,-18.41
20250603,2244157.92,-17.79
20250604,2285320.5,-16.28
20250605,2266543.47,-16.97
20250606,2252341.2,-17.49
20250609,2260896.34,-17.17
20250610,2328917.95,-14.68
20250611,2364544.07,-13.38
20250612,2374342.42,-13.02
20250613,2350786.63,-13.88
20250616,2368511.27,-13.23
20250617,2386485.08,-12.57
20250618,2392130.53,-12.37
20250619,2361793.37,-13.48
20250620,2344222.69,-14.12
20250623,2328816.64,-14.69
20250624,2360818.68,-13.51
20250625,2381745.38,-12.75
20250626,2379547.58,-12.83
20250627,2374580.74,-13.01
20250630,2337798.49,-14.36
20250701,2363380.69,-13.42
20250702,2368488.14,-13.23
20250703,2391391.79,-12.39
20250704,2371177.55,-13.13
20250707,2337281.53,-14.38
20250708,2342017.63,-14.2
20250709,2381097.54,-12.77
20250710,2401814.19,-12.01
20250711,2384452.54,-12.65
20250714,2345995.07,-14.06
20250715,2385686.36,-12.6
20250716,2406274.14,-11.85
20250717,2406668.07,-11.83
20250718,2448240.81,-10.31
20250721,2427812.92,-11.06
20250722,2368740.51,-13.22
20250723,2398529.38,-12.13
20250724,2429148.08,-11.01
20250725,2431129.51,-10.94
20250728,2453289.86,-10.13
20250729,2425217.99,-11.15
20250730,2427166.69,-11.08
20250731,2486650.41,-8.9
20250801,2502884.9,-8.31
20250804,2489168.07,-8.81
20250805,2528332.77,-7.38
20250806,2510540.25,-8.03
20250807,2539863.23,-6.95
20250808,2573601.27,-5.72
20250811,2589143.5,-5.15
20250812,2635297.78,-3.46
20250813,2660219.92,-2.54
20250814,2686183.17,-1.59
20250815,2703314.76,-0.97
20250818,2729685.74,-0.0
20250819,2642771.38,-3.18
20250820,2519753.48,-7.69
20250821,2570459.72,-5.83
20250822,2545071.74,-6.76
20250825,2611148.24,-4.34
20250826,2604242.7,-4.6
20250827,2666260.48,-2.32
20250828,2640990.69,-3.25
20250829,2655676.55,-2.71
20250901,2551178.75,-6.54
20250902,2518747.64,-7.73
20250903,2534614.72,-7.15
20250904,2519203.29,-7.71
20250905,2581619.07,-5.42
20250908,2592543.46,-5.02
20250909,2641161.31,-3.24
20250910,2715696.92,-0.51
20250911,2729870.51,0.0
20250912,2732678.93,0.0
20250915,2705214.22,-1.01
20250916,2727955.95,-0.17
20250917,2717394.58,-0.56
20250918,2759917.21,0.0
20250919,2764206.18,0.0
20250922,2793079.43,0.0
20250923,2809058.48,0.0
20250924,2763770.28,-1.61
20250925,2742722.53,-2.36
20250926,2672800.9,-4.85
20250930,2755969.53,-1.89
20251001,2779705.05,-1.04
20251002,2826116.07,0.0
20251003,2886442.32,0.0
20251007,2927471.9,0.0
20251008,2904662.41,-0.78
20251009,2930043.93,0.0
20251013,2871474.62,-2.0
20251014,2780598.46,-5.1
20251015,2831449.33,-3.36
20251016,2877414.68,-1.8
20251017,2842554.55,-2.99
20251020,2898938.86,-1.06
20251021,2908545.96,-0.73
20251022,2891500.39,-1.32
20251023,2880579.96,-1.69
20251027,2958465.85,0.0
20251028,3027414.7,0.0
20251029,3069185.54,0.0
20251030,3097230.11,0.0
20251031,3149153.2,0.0
20251103,3195179.66,0.0
20251104,3142529.3,-1.65
20251105,3109173.71,-2.69
20251106,3173592.61,-0.68
20251107,3088715.43,-3.33
20251110,3143262.2,-1.62
20251111,3177028.92,-0.57
20251112,3213308.24,0.0
20251113,3243626.47,0.0
20251114,3163914.53,-2.46
20251117,3178728.83,-2.0
20251118,3064590.67,-5.52
20251119,3028315.15,-6.64
20251120,3128963.92,-3.54
20251121,2972692.53,-8.35
20251124,2986759.66,-7.92
20251125,3043387.32,-6.17
20251126,3085722.99,-4.87
20251127,3158835.51,-2.61
20251128,3195630.27,-1.48
20251201,3160062.67,-2.58
20251202,3167288.88,-2.35
20251203,3185420.1,-1.79
20251204,3183828.68,-1.84
20251205,3243373.72,-0.01
20251208,3286295.54,0.0
20251209,3322528.34,0.0
20251210,3323533.89,0.0
20251211,3275533.71,-1.44
20251212,3298790.71,-0.74
20251215,3242179.19,-2.45
20251216,3129134.07,-5.85
20251217,3140154.28,-5.52
20251218,3135908.47,-5.65
20251219,3195014.82,-3.87
20251222,3273312.68,-1.51
20251223,3266165.6,-1.73
20251224,3312425.09,-0.33
20251226,3343431.67,0.0
20251229,3390429.24,0.0
20251230,3407684.78,0.0
20251231,3442721.54,0.0
20260102,3536223.49,0.0
20260105,3572161.5,0.0
20260106,3663622.16,0.0
20260107,3664038.8,0.0
20260108,3607169.47,-1.55
20260109,3546953.6,-3.2
20260112,3601962.07,-1.69
20260113,3593551.63,-1.92
20260114,3642801.0,-0.58
20260115,3633539.08,-0.83
20260116,3739731.21,0.0
20260119,3820878.36,0.0
20260120,3838382.65,0.0
20260121,3741800.63,-2.52
20260122,3842858.16,0.0
20260123,3860622.01,0.0
20260126,3919656.49,0.0
20260127,3944911.77,0.0
20260128,4008752.13,0.0
20260129,3956856.45,-1.29
20260130,3937830.31,-1.77
20260202,3798494.61,-5.24
20260203,3879555.13,-3.22
20260204,3949298.95,-1.48
20260205,3814267.32,-4.85
20260206,3753400.77,-6.37
20260209,3869225.25,-3.48
20260210,3898921.42,-2.74
20260211,3962602.71,-1.15
20260223,4107649.33,0.0
20260224,4357186.74,0.0
20260225,4384137.95,0.0
20260226,4418091.02,0.0
20260302,4419939.52,0.0
20260303,4235433.65,-4.17
20260304,3952994.29,-10.56
20260305,4118862.99,-6.81
20260306,4066608.85,-7.99
20260309,3808876.34,-13.83
20260310,3904213.12,-11.67
20260311,4182608.0,-5.37
20260312,4096162.87,-7.33
20260313,4148328.45,-6.15
20260316,4283511.66,-3.09
20260317,4379356.15,-0.92
20260318,4455740.78,0.0
20260319,4464586.71,0.0
20260320,4391591.73,-1.63
20260323,4200458.55,-5.92
20260324,4077911.76,-8.66
20260325,4221111.53,-5.45
20260326,4204601.98,-5.82
20260327,4158379.72,-6.86
20260330,4090028.48,-8.39
20260331,3831568.9,-14.18
20260401,4070483.27,-8.83
20260402,3997294.78,-10.47
20260407,4120055.13,-7.72
20260408,4402138.15,-1.4
20260409,4396236.6,-1.53
20260410,4466421.48,0.0
20260413,4515001.54,0.0
20260414,4616711.79,0.0
20260415,4626438.06,0.0
20260416,4760070.96,0.0
20260417,4770117.76,0.0
20260420,4818791.53,0.0
20260421,5002024.53,0.0
20260422,5054026.2,0.0
20260423,4892535.07,-3.2
20260424,5050356.73,-0.07
20260427,5166547.26,0.0
20260428,5301705.1,0.0
20260429,5276803.89,-0.47
20260430,5272887.9,-0.54
20260504,5537881.91,0.0
20260505,5703398.36,0.0
20260506,5835962.48,0.0
20260507,5977277.73,0.0
20260508,5836588.09,-2.35
20260511,6088592.33,0.0
20260512,6131025.69,0.0
20260513,5991026.12,-2.28
20260514,6131470.32,0.0
20260515,5897345.35,-3.82
20260518,5944272.16,-3.05
20260519,5713690.86,-6.81
20260520,5690361.11,-7.19
20260521,5992678.3,-2.26
20260522,6371678.52,0.0
20260525,6669958.7,0.0
20260526,6795736.8,0.0
20260527,6981301.94,0.0
20260528,6796325.2,-2.65
20260529,7100500.58,0.0
20260601,7345029.94,0.0
20260602,7328784.45,-0.22
20260603,7290175.72,-0.75
20260604,7039905.54,-4.15
20260605,6859570.68,-6.61
20260608,6565653.61,-10.61
20260609,6919898.58,-5.79
20260610,6465960.65,-11.97
20260611,6536457.9,-11.01
20260612,6739983.56,-8.24
20260615,7069080.12,-3.76
20260616,7168022.67,-2.41
20260617,7273438.26,-0.97
20260618,7507531.01,0.0
20260622,7758870.07,0.0
20260623,7528853.44,-2.96
20260624,7525094.85,-3.01
20260625,7676246.41,-1.06
20260626,7269036.86,-6.31
20260629,7303808.91,-5.87
20260630,7620194.97,-1.79
20260701,7482509.23,-3.56
20260702,7377413.9,-4.92
20260703,7433621.08,-4.19
20260706,7281539.03,-6.15
20260707,6889539.27,-11.2
20260708,6975038.07,-10.1
20260709,7093287.56,-8.58
20260710,7093287.56,-8.58
20260713,7024157.06,-9.47
20260714,6871359.72,-11.44
20260715,7193144.51,-7.29
20260716,6932770.14,-10.65
20260717,6325960.91,-18.47
20260720,6055769.94,-21.95
20260721,6440983.02,-16.99
20260722,6772422.74,-12.71
20260723,6696718.27,-13.69
20260724,6329034.37,-18.43
20260727,6336196.66,-18.34
20260728,5785417.06,-25.43
20260729,5343217.36,-31.13
20260730,5210019.41,-32.85
20260731,5715580.06,-26.33
20260803,6019661.29,-22.42
20260804,6323324.3,-18.5
20260805,6599779.89,-14.94
20260806,6751378.81,-12.99
20260807,6560198.05,-15.45
20260810,6848086.5,-11.74
20260811,6874048.27,-11.4
20260812,7018754.13,-9.54
20260813,7134164.29,-8.05
20260814,7158819.9,-7.73
20260817,7137364.29,-8.01
20260818,6922770.82,-10.78
20260819,6726685.04,-13.3
20260820,6785021.58,-12.55
20260821,6761784.05,-12.85
20260824,6729834.84,-13.26
20260825,6797433.84,-12.39
20260826,6942911.94,-10.52
20260827,7118361.86,-8.26
20260828,7164736.93,-7.66
20260831,7119981.28,-8.23
20260901,7192927.39,-7.29
20260902,7064967.39,-8.94
20260903,6804175.83,-12.3
20260904,6975860.36,-10.09
20260907,7203712.79,-7.16
20260908,7138379.17,-8.0
20260909,7199022.72,-7.22
20260910,7152730.07,-7.81
20260911,6976628.96,-10.08
20260914,6891977.6,-11.17
20260915,6802936.94,-12.32
20260916,6963946.5,-10.25
20260917,6951064.59,-10.41
20260918,7185989.72,-7.38
20260921,7241090.14,-6.67
20260922,7366703.86,-5.05
20260923,7413609.37,-4.45
20260924,7432790.19,-4.2
20260929,7417339.3,-4.4
20260930,7582047.3,-2.28
20261001,7685211.5,-0.95
20261002,7803725.56,0.0
